loop_check_pf$database_id,loop_check_pf$country
Paige_data_1134873,United states
Paige_data_2097724,United states
Paige_data_15900,United states
Paige_data_2098337,United states
Paige_data_1134719,United states
Paige_data_1134834,United states
Paige_data_1135854,United states
Paige_data_1135520,United states
Paige_data_1135470,United states
Paige_data_1135028,United states
Paige_data_1135659,United states
Paige_data_1135034,Mexico
Paige_data_1135280,Mexico
Paige_data_1135681,United states
Paige_data_1135592,United states
Paige_data_16196,Mexico
Paige_data_16175,United states
Paige_data_15542,United states
Paige_data_15754,United states
Paige_data_15747,United states
Paige_data_2097576,United states
Paige_data_2098083,United states
Paige_data_2097981,Canada
Paige_data_2097798,United states
Paige_data_2098138,United states
Dorey_data_9557611,United states
Dorey_data_9871491,United states
Dorey_data_10138628,United states
Paige_data_2098308,United states
Dorey_data_10197730,United states
Paige_data_2098478,United states
Paige_data_2097296,United states
Dorey_data_11021380,United states
Dorey_data_11224551,United states
Dorey_data_11496450,United states
Dorey_data_12320595,United states
Dorey_data_12387492,United states
Dorey_data_13926917,United states
Dorey_data_14284627,United states
Dorey_data_14335571,United states
Dorey_data_14336865,United states
Dorey_data_14343390,United states
Dorey_data_14345268,United states
Dorey_data_15571704,United states
Dorey_data_17002494,United states
CAES_data_6070,United states
Dorey_data_9857874,Mexico
Dorey_data_10991357,United states
Dorey_data_11383982,Mexico
Dorey_data_12188042,United states
